match slot,away college,away seed,home college,home seed,date,time,location,location extra
1,MY,1,MY,1,9/15,7:00 PM,PWG,Bye
2,SY,9,BK,8,9/15,7:00 PM,PWG,Court 1
3,MC,12,GH,5,9/15,7:00 PM,PWG,Court 2
4,TC,13,SM,4,9/15,7:00 PM,PWG,Court 3
5,TBD,0,TBD,0,9/15,8:00 PM,PWG,Court 1
6,TBD,0,TBD,0,9/15,8:00 PM,PWG,Court 2
7,DC,2,DC,2,9/15,7:00 PM,PWG,Bye
8,BR,10,ES,7,9/15,7:30 PM,PWG,Court 3
9,PC,14,JE,3,9/15,7:30 PM,PWG,Court 1
10,TD,11,BF,6,9/15,7:30 PM,PWG,Court 2
11,TBD,0,TBD,0,9/15,8:30 PM,PWG,Court 2
12,TBD,0,TBD,0,9/15,8:30 PM,PWG,Court 1
13,TBD,0,TBD,0,9/15,9:00 PM,PWG,Court 1
14,TBD,0,TBD,0,9/15,9:00 PM,PWG,Court 2
15,TBD,0,TBD,0,9/15,9:30 PM,PWG,Court 1
16,TBD,0,TBD,0,9/15,9:30 PM,PWG,Court 2
